iteration,log_likelihood,beta,spectral_radius,projected,elapsed_seconds,mu_min,mu_max,alpha_sum
1,1154239.8905294093,0.3,0.9799999999999995,True,6.112111806869507,0.023514187129829237,0.32614013079379384,16.27717250661108
2,2244080.206340285,0.3,0.9800000000000009,True,6.024187803268433,0.02497661682091652,0.3229713997621809,16.275874263745475
3,2244080.983993324,0.3,0.9799999999999998,True,6.145080327987671,0.026466754348462147,0.3199587893368825,16.274586418816632
