iteration,log_likelihood,beta,spectral_radius,projected,elapsed_seconds,mu_min,mu_max,alpha_sum
1,453425.62264159555,0.3,0.9800000000000006,True,3.8867881298065186,0.011277583200228236,0.22797599165912438,14.172585831270501
2,973905.9548576568,0.3,0.9800000000000018,True,3.816061496734619,0.015394072491107781,0.2271698044880962,14.182908580216012
3,973907.4416038403,0.3,0.9800000000000004,True,3.186185836791992,0.019939601960924046,0.22642654957052097,14.191170211555292
