{
    "0.7": {
        "clamp_count": 20,
        "final_rho_pre": 0.7836814486713655,
        "final_rho_post": 0.7000000000000011,
        "top_edges": [
            "Node 13->13 (0.468)",
            "Node 1->1 (0.386)",
            "Node 13->17 (0.382)",
            "Node 0->0 (0.372)",
            "Node 2->2 (0.338)"
        ],
        "ll_gain": 10348.018937777444,
        "mae_improvement_percent": 14.038488995141105
    },
    "0.85": {
        "clamp_count": 20,
        "final_rho_pre": 0.9189099406844736,
        "final_rho_post": 0.8499999999999996,
        "top_edges": [
            "Node 13->13 (0.587)",
            "Node 13->17 (0.476)",
            "Node 1->1 (0.436)",
            "Node 0->0 (0.409)",
            "Node 2->2 (0.396)"
        ],
        "ll_gain": 10891.092324599436,
        "mae_improvement_percent": 14.961895234837298
    },
    "0.95": {
        "clamp_count": 20,
        "final_rho_pre": 0.9767493943443654,
        "final_rho_post": 0.9499999999999992,
        "top_edges": [
            "Node 13->13 (0.671)",
            "Node 13->17 (0.534)",
            "Node 1->1 (0.468)",
            "Node 0->0 (0.437)",
            "Node 2->2 (0.432)"
        ],
        "ll_gain": 11096.829340430646,
        "mae_improvement_percent": 14.969234937163852
    },
    "0.98": {
        "clamp_count": 20,
        "final_rho_pre": 0.9857482095549616,
        "final_rho_post": 0.980000000000002,
        "top_edges": [
            "Node 13->13 (0.695)",
            "Node 13->17 (0.551)",
            "Node 1->1 (0.480)",
            "Node 0->0 (0.447)",
            "Node 2->2 (0.443)"
        ],
        "ll_gain": 11133.53590981276,
        "mae_improvement_percent": 14.865671857729469
    }
}